unit_nr,event,time,s_0,s_1,s_2,s_3,s_4,s_5,s_6,s_7,s_8,s_9,s_10,s_11,s_12,s_13
1,1,148,148.0,-4.830000000000041,10952.0,-4129.414999999996,3414.5749999999925,11.664450000004763,540298.666666667,-332916.3650000003,54679.310000000165,132565.68036666675,225338.89499999944,-245186.2862833333,114346.94451666682,-18.779764500126475
2,1,268,268.0,-91.92999999999995,35912.0,-7641.485000000005,-16995.754999999983,4225.562449999993,3208138.6666666637,-968223.3116666648,-111471.3566666671,232234.90679999956,-2221695.4916666625,238011.90244999775,662203.9273499992,-129485.31867616605
3,1,205,205.0,14.67999999999995,21012.5,-5657.330000000004,8666.730000000001,107.75120000000288,1435854.1666666672,-615604.3133333342,71455.9766666666,162169.88981666637,852611.8366666666,-407389.384033334,267308.4902166667,527.262538666575
4,1,234,234.0,94.82999999999993,27378.0,14882.514999999985,7307.705000000002,4496.364449999997,2135484.0000000023,1748567.3049999985,-14626.10000000028,587886.8645999992,862314.5350000001,235535.16824999906,228727.24844999993,142130.08026449953
5,1,153,153.0,-4.8799999999999955,11704.5,-4060.960000000009,3314.320000000005,11.90720000000104,596929.5000000001,-317326.03333333373,13325.186666666417,120077.5130666672,246882.88666666707,-220337.54133333353,102081.82986666694,-19.369045333486554
6,1,174,174.0,-56.1099999999999,15138.0,-5017.834999999988,-4745.304999999988,1574.166049999998,878003.9999999993,-406003.58166666544,-61096.12666666633,158061.64478333297,-382293.47166666534,-34572.56771666736,150415.81563333335,-29442.15235516666
7,1,173,173.0,-54.18999999999994,14964.5,-5373.5049999999865,-4001.364999999997,1468.278050000002,862952.8333333327,-514912.00166666595,100207.63833333369,156901.2288999998,-396221.89166666655,-22612.221850000333,119723.09560000004,-26521.995843166576
8,1,150,150.0,-13.230000000000018,11250.0,-6677.065000000004,4692.564999999993,87.51644999999849,562500.0000000002,-521855.42499999976,42151.09999999965,214460.0115333337,330866.8249999997,-340582.45311666664,139249.909083333,-385.94754450029603
9,1,198,198.0,50.40999999999997,19602.0,4880.324999999996,5100.854999999994,1270.58405,1293732.0,492245.44166666694,-18186.533333333555,161514.87415000016,514077.91166666604,-77012.56505000028,167073.33279999968,21350.047320166712
10,1,183,183.0,94.53999999999996,16744.5,12740.82,4560.0,4468.905799999994,1021414.499999999,1126888.0666666653,77793.92666666684,528589.2545999992,378343.0366666665,147338.61359999978,141881.89319999985,140830.1181106662
11,1,270,270.0,-56.17000000000007,36450.0,-7123.63500000002,-8042.265000000002,1577.5344500000042,3280499.9999999967,-1006361.001666669,89340.55333333275,216737.85341666755,-1130376.0516666668,-33341.12888333364,242537.57696666714,-29536.70335216709
12,1,248,248.0,56.860000000000014,30752.0,6279.489999999995,7821.790000000001,1616.529799999996,2542165.3333333335,754584.9666666656,48143.58666666539,187370.13013333274,945830.1666666676,-17688.458866666293,231217.71913333298,30638.628142666254
13,1,226,226.0,-47.319999999999936,25538.0,-5763.829999999993,-4930.4899999999925,1119.5911999999944,1923862.6666666688,-647298.0766666667,-8029.426666666897,188749.11194999958,-553130.6566666659,-104753.78830000044,169032.28754999946,-17659.6851946663
14,1,192,192.0,-5.279999999999973,18432.0,-5573.2400000000025,4559.480000000007,13.939199999999857,1179647.9999999995,-525328.6500000006,-19404.780000000042,156765.2635666664,447412.47000000055,-284103.81993333343,130014.88276666675,-24.532991999931703
15,1,208,208.0,94.74000000000001,21632.0,13366.610000000008,6339.309999999996,4487.833800000004,1499818.6666666674,1353866.0,72522.8799999999,528670.7217666663,623026.7999999985,209011.1878666664,195787.52076666697,141725.7914039999
16,1,153,153.0,1.2799999999999727,11704.5,-5935.410000000007,6131.250000000004,0.8192000000008193,596929.5000000001,-459527.30666666717,10936.883333333122,185481.5218000002,463572.1833333336,-378560.36840000056,193204.1842000004,0.3495253331202548
17,1,179,179.0,-91.51999999999998,16020.5,-4232.440000000004,-12149.640000000005,4187.955199999997,955889.8333333324,-408390.45333333267,59174.14666666679,127194.13208333339,-1116979.8533333328,132964.64463333396,489485.2040833329,-127760.55330133326
18,1,208,208.0,-1.4599999999999227,21632.0,5689.37000000001,-5993.049999999996,1.0657999999998538,1499818.6666666674,611216.5266666672,-39044.09333333318,165284.99153333303,-603755.1533333331,-338876.463266667,173813.1581333335,-0.5186893334030174
19,1,162,162.0,-53.76999999999998,13122.0,-4572.175000000005,-4138.564999999994,1445.606449999998,708587.9999999998,-370772.1516666667,851.9533333332135,131354.06021666658,-335649.7416666664,-16862.27068333351,119696.45536666633,-25910.08627216646
20,1,153,153.0,106.48000000000002,11704.5,9752.190000000008,6539.249999999994,5668.9952,596929.5000000001,737943.006666667,16199.05666666659,377145.0665666673,492153.09666666616,284123.05806666653,206088.14096666616,201211.53629866662
21,1,188,188.0,1.919999999999959,17672.0,-3995.6399999999976,4356.600000000001,1.8432000000022981,1107445.3333333326,-390564.49,29948.66000000049,138387.51649999968,394546.0700000002,-284446.66180000035,146405.66690000036,1.1796479998738505
22,1,191,191.0,-91.76999999999998,18240.5,-5562.754999999987,-11965.315000000004,4210.866449999994,1161311.8333333328,-573891.2749999996,85296.34500000019,168302.86486666565,-1185335.7549999997,173888.29661666616,462084.33046666684,-128810.40470549953
23,1,210,210.0,-55.82999999999993,22050.0,-6230.384999999984,-5493.914999999996,1558.4944499999929,1543500.000000001,-711632.2149999994,114883.58000000032,190758.03958333263,-634302.8649999995,-33673.684616666724,170199.47953333313,-29003.58171449948
24,1,190,190.0,-56.95999999999992,18050.0,-5616.479999999992,-5205.919999999988,1622.2207999999976,1143166.666666666,-497217.9033333329,-72695.39333333341,177130.50471666636,-458214.70333333284,-34346.30863333403,165437.75591666676,-30800.565589332957
25,1,204,204.0,57.15000000000009,20808.0,5656.255000000009,6002.345000000012,1633.061250000003,1414944.0000000005,598547.2350000001,-43218.45000000003,164080.94265000045,633848.4149999997,-4906.912050000043,173970.46440000023,31109.81681249976
26,1,186,186.0,-105.16000000000008,17298.0,-7433.56000000001,-12126.200000000017,5529.312800000006,1072475.999999999,-719172.8466666673,55703.53333333381,235809.9189166675,-1155588.3666666683,310093.33176666737,482548.93011666666,-193820.844682667
27,1,175,175.0,-90.94000000000005,15312.5,-5297.170000000013,-10617.330000000005,4135.041799999999,893229.1666666659,-477943.50666666793,28882.263333333136,159556.80344999974,-943457.5066666672,162611.03290000034,401464.4786499993,-125346.90043066628
28,1,199,199.0,56.51999999999998,19800.5,5434.109999999993,5813.370000000003,1597.2551999999982,1313433.1666666667,518284.39999999956,44819.09000000038,168986.5351166669,556020.7700000003,-30837.17303333332,179704.4227166665,30092.287967999826
29,1,150,150.0,1.25,11250.0,3947.3050000000085,-3759.805000000005,0.781249999998181,562500.0000000002,318060.308333334,-44024.86666666638,114134.48773333305,-259972.94166666677,-223334.8442166669,109317.54398333334,0.3255208330738242
30,1,165,165.0,1.0499999999999545,13612.5,4520.385,-4347.135000000007,0.5512499999990723,748687.4999999997,369782.8650000007,6297.795000000158,134495.13558333358,-361787.5350000005,-264243.8669166671,129839.68758333343,0.19293750016367994
31,1,342,342.0,107.08000000000004,58482.0,23035.590000000015,13585.769999999997,5733.0632000000005,6666948.000000008,3942502.5766666676,-6833.373333331737,927764.0732166653,2326583.3566666665,611122.8307666673,421820.71041666623,204632.13581866655
32,1,280,280.0,106.88,39200.0,17267.629999999997,12658.769999999984,5711.667199999997,3658666.666666662,2378618.373333335,77699.65333333293,658845.3504166651,1733377.9733333301,527873.5935666657,412547.8720166669,203487.66344533337
33,1,194,194.0,13.730000000000018,18818.0,-5063.875000000004,7727.495000000008,94.25644999999986,1216897.333333333,-510070.28166666685,37748.8133333331,147113.15786666665,730692.608333334,-363753.31948333397,234925.91291666683,431.3803528335993
34,1,204,204.0,-35.889999999999986,20808.0,4981.084999999998,-12302.644999999999,644.0460499999973,1414944.0000000005,564863.0083333332,-113584.67666666658,156430.77845,-1198077.451666665,-491632.69754999963,466587.3132999992,-7704.9375781664085
35,1,195,195.0,0.7900000000000773,19012.5,-6415.094999999993,6569.145000000008,0.31205000000022665,1235812.4999999998,-624789.5483333325,-1364.428333333287,190512.40011666584,641173.8516666671,-386092.7252833331,195641.17491666676,0.0821731667892891
36,1,202,202.0,-1.3899999999999864,20402.0,5079.795,-5360.5750000000035,0.9660500000003367,1373734.666666667,473535.93833333376,79046.7133333332,165829.19244999936,-580941.4316666675,-338719.2999500005,173085.24959999998,-0.4476031665708433
37,1,209,209.0,107.64999999999998,21840.5,13501.854999999978,8996.995000000003,5794.261249999998,1521554.8333333342,1408950.7916666653,3986.1116666656108,531722.7173333324,938192.9216666671,390029.25608333346,289248.627833333,207917.40785416664
38,1,176,176.0,13.629999999999995,15488.0,-5472.8049999999985,7871.684999999997,92.88845000000134,908629.3333333326,-454876.038333333,-53461.60333333314,170405.70244999992,719439.0816666669,-415405.73705000035,261348.40180000002,422.0231911670714
39,1,213,213.0,13.620000000000005,22684.5,-6474.60999999999,9375.66999999999,92.75219999999558,1610599.5000000012,-710780.7199999996,42469.5100000006,200597.39966666617,977274.0999999994,-489378.98753333255,308537.80646666547,421.09498800010624
40,1,192,192.0,-57.129999999999995,18432.0,-5680.695000000007,-5288.264999999998,1631.9184499999978,1179647.9999999995,-537724.641666668,-15244.156666666318,170540.4204999999,-500051.36166666605,-16542.73565000001,159330.65754999974,-31077.167016166746
41,1,261,261.0,-50.69999999999993,34060.5,-6378.63999999998,-6854.059999999981,1285.2449999999947,2963263.499999998,-892776.0199999983,120727.00000000137,192167.35404999874,-954818.3299999986,-60937.66010000142,204219.25104999923,-21720.64049999983
42,1,220,220.0,-91.83000000000004,24200.0,-5698.835000000003,-14503.765000000018,4216.374450000001,1774666.6666666684,-625524.2349999993,-2695.2300000000578,169571.69278333322,-1594066.5350000006,184180.632483334,573850.0537333345,-129063.22191450038
43,1,210,210.0,-5.240000000000009,22050.0,-5755.600000000016,4655.199999999999,13.728799999996909,1543500.000000001,-600036.8633333329,-8602.2733333344,171789.08061666705,493097.13666666683,-313418.81723333313,144512.78461666626,-23.979637333082792
44,1,204,204.0,1.1700000000000728,20808.0,-8518.845000000001,8757.525000000009,0.684450000002812,1414944.0000000005,-838629.9350000002,-60584.5100000004,267591.7730833335,923559.8050000005,-545150.594816667,277698.4495333345,0.26693550041636627
45,1,150,150.0,7.519999999999982,11250.0,-4079.9099999999958,5207.910000000001,28.275199999997714,562500.0000000002,-324938.39666666684,37890.293333333495,121805.27233333308,371648.1033333337,-274291.4678666667,156727.4755333332,70.87650133347927
46,1,200,200.0,1.1100000000000136,20000.0,-6017.575,6239.575000000003,0.6160499999996318,1333333.3333333335,-601885.9550000009,256.90999999981335,178528.6147999998,623829.0450000003,-363736.73785000073,185331.33305000025,0.22793849997106008
47,1,245,245.0,-56.559999999999945,30012.5,-6667.719999999997,-7189.479999999997,1599.516799999993,2451020.833333334,-832061.5166666674,30531.63333333308,198747.56071666654,-895977.1166666661,-20368.878233333824,213502.9335166659,-30156.223402666477
48,1,238,238.0,-4.389999999999986,28322.0,-6540.275000000013,5495.455000000005,9.63604999999825,2246878.6666666684,-833109.9816666675,109634.51333333278,202552.15808333314,599141.8883333341,-376392.50891666685,176133.7307333334,-14.100753166945651
49,1,167,167.0,69.20000000000005,13944.5,4891.619999999997,6664.780000000003,2394.3200000000024,776243.8333333329,418410.9933333334,-19921.44666666652,140785.2219333334,566469.853333334,56929.66013333334,202136.55793333362,55228.98133333318
50,1,221,221.0,-53.47000000000003,24420.5,-6357.784999999998,-5459.084999999997,1429.5204500000004,1798976.8333333351,-734522.4716666675,63974.458333333976,195304.1157833334,-635216.1216666662,-50657.46761666629,171277.37128333305,-25478.81948716636
51,1,292,292.0,-53.950000000000045,42632.0,-9369.645000000008,-6383.755000000003,1455.3012500000027,4149514.66666666,-1461266.4216666666,186596.50333333304,288807.4877999991,-1025326.4816666675,-72122.62785000032,208263.10504999975,-26171.167479166674
52,1,173,173.0,13.629999999999995,14964.5,-4696.935000000001,7054.924999999995,92.88844999999242,862952.8333333327,-440768.988333333,68968.22166666642,144180.53144999966,575766.9016666665,-352380.2869499997,224269.45734999946,422.02319116695435
53,1,147,147.0,88.68000000000006,10804.5,9626.40000000001,3409.560000000003,3932.071200000006,529420.5000000003,690811.7600000002,33457.28000000012,383890.44455000025,233874.0200000003,85888.26290000029,108235.75895000024,116232.02467200033
54,1,198,198.0,1.3899999999999864,19602.0,-6247.515000000006,6522.7350000000015,0.9660499999981766,1293732.0,-678690.3083333339,120372.64666666614,190720.46053333295,585564.4416666669,-390124.9669166673,199595.78428333302,0.44760316675092326
55,1,158,158.0,-67.08000000000004,12482.0,-6505.060000000004,-4093.5800000000054,2249.8632,657385.3333333333,-538817.2799999998,49835.07999999979,214913.0266000001,-348310.36000000034,6533.371600000192,134031.98740000007,-50306.94115199987
56,1,162,162.0,55.879999999999995,13122.0,4085.299999999997,4967.260000000006,1561.2872000000007,708587.9999999998,311519.8633333331,38778.87333333349,134587.2503166665,382958.6233333339,-40887.93663333338,159229.2127166672,29081.5762453328
57,1,139,139.0,69.16999999999996,9660.5,4215.264999999998,5399.364999999999,2392.2444499999974,447603.1666666669,286374.8683333332,13172.098333333173,120957.847333333,368669.81833333336,49654.18538333307,161909.94583333342,55157.1828688333
58,1,161,161.0,-54.59999999999991,12960.5,-4239.249999999987,-4551.349999999998,1490.5799999999979,695546.8333333331,-370739.10999999935,58958.969999999936,124353.5632666666,-395863.1599999994,-17244.0765333336,132873.89326666648,-27128.555999999873
59,1,193,193.0,14.430000000000064,18624.5,-6151.384999999988,8936.375000000013,104.11245000000235,1198176.1666666663,-645918.6249999997,104619.94500000039,188958.0761666662,810050.2150000003,-466680.6378833333,297816.2645666675,500.7808844995743
60,1,176,176.0,0.7699999999999818,15488.0,4868.285000000005,-4732.765000000008,0.2964500000023236,908629.3333333326,416928.4083333339,22961.343333333185,141819.58095000018,-427963.99166666734,-279890.58245000034,138123.17670000065,0.07608883340799366
61,1,217,217.0,-91.84000000000003,23544.5,-6467.350000000014,-13461.93,4217.292799999998,1703052.1666666681,-660878.9266666669,-81657.09666666761,198331.733166667,-1419790.856666666,197297.9576666669,519522.8467666669,-129105.3902506665
62,1,183,183.0,-5.310000000000059,16744.5,-5887.115000000011,4915.385000000004,14.098049999997784,1021414.499999999,-567740.6650000011,58139.28500000047,189242.43886666736,420688.085,-347224.29708333383,160561.80136666654,-24.9535484999069
63,1,167,167.0,-70.20999999999992,13944.5,-6956.044999999992,-4769.024999999995,2464.722049999993,776243.8333333329,-555370.2716666661,-50918.97166666658,224810.87526666673,-372754.101666666,38762.16891666641,148035.53816666646,-57682.711710166186
64,1,281,281.0,94.38,39480.5,18013.37999999999,8507.399999999987,4453.792200000003,3698006.8333333284,2518570.839999998,24618.099999999326,710710.2128833337,1182980.6499999976,278682.37863333226,262123.01668333384,140116.3026119999
65,1,205,205.0,-54.460000000000036,21012.5,-5768.56,-5395.739999999999,1482.9458000000022,1435854.1666666672,-546844.9266666675,-88864.94666666636,181615.12023333382,-508630.87666666665,-49074.462866666414,171463.2316333331,-26920.409422666417
66,1,169,169.0,-5.019999999999982,14280.5,-4621.6000000000095,3773.2200000000116,12.600199999995212,804468.1666666662,-397639.24666666635,14228.09333333311,152236.82721666704,311723.04333333386,-281273.22243333387,131165.82901666663,-21.084334666647408
67,1,144,144.0,-70.09000000000003,10368.0,-6549.215000000007,-3543.7450000000003,2456.304050000001,497664.00000000035,-463363.2216666667,-16360.516666666876,214500.11548333368,-246969.3816666669,30034.24838333316,109173.41933333316,-57387.450288166576
68,1,184,184.0,14.269999999999982,16928.0,-5707.555000000004,8333.234999999999,101.8164499999931,1038250.6666666656,-466831.0516666666,-116528.01666666682,177970.5821666666,824921.6283333334,-437387.97418333305,278151.61881666625,484.3069138329954
69,1,135,135.0,-5.009999999999991,9112.5,-3584.8050000000108,2908.455000000006,12.550050000002102,410062.5000000002,-253999.35500000045,24050.03499999987,108071.50976666696,184295.69500000044,-198183.14648333366,91805.89346666702,-20.95858349984337
70,1,155,155.0,-0.07000000000005002,12012.5,-6123.015000000007,6112.165,0.002449999997196528,620645.8333333334,-469933.8316666674,-9199.661666666583,191505.48943333348,478292.6183333333,-382582.3678166668,191077.2581333333,-5.7166747978953936e-05
71,1,193,193.0,107.09000000000003,18624.5,12905.484999999997,7762.885000000009,5734.134050000006,1198176.1666666663,1256912.3683333332,-23066.131666666784,525268.9297833339,760651.4683333347,331510.52908333397,249908.41278333365,204689.4718048338
72,1,195,195.0,-4.8700000000000045,19012.5,-4698.155,3748.505000000001,11.858449999999493,1235812.4999999998,-458974.3116666667,1808.3983333337487,143656.84499999965,364575.03833333333,-264433.6751500001,123089.22789999997,-19.250217166540097
73,1,238,238.0,0.9900000000000091,28322.0,-6508.225000000009,6743.844999999998,0.4900500000005811,2246878.6666666684,-682381.065,-184195.42,200444.63391666688,894615.2650000004,-407332.41058333375,207004.4085666672,0.16171649981088598
74,1,157,157.0,57.42999999999995,12324.5,3709.444999999996,5307.064999999999,1649.1024499999985,644982.1666666666,282071.38166666595,18240.10166666654,115239.85646666637,407484.5516666665,-17446.286583333727,161115.5147666667,31569.317901166483
75,1,230,230.0,94.52999999999997,26450.0,14315.345000000003,7426.554999999992,4467.960450000002,2027833.3333333358,1629844.185000001,32840.97999999948,559549.1109000001,837633.3349999986,234131.3410500003,233950.45155000014,140785.43377950042
76,1,243,243.0,-4.340000000000032,29524.5,-7635.900000000004,6581.279999999992,9.417800000002039,2391484.500000001,-891982.2833333345,-71559.13333333425,246937.42373333286,835405.0866666654,-460735.04146666685,216086.14313333307,-13.624417333306933
77,1,184,184.0,1.5599999999999454,16928.0,11457.00999999999,-11169.970000000003,1.2167999999996937,1038250.6666666656,1062382.3199999994,-16674.799999999927,442428.62934999965,-1019299.8399999999,-866984.3230999997,424779.5849499996,0.6327360004652292
78,1,160,160.0,1.9399999999999409,12800.0,-4496.169999999995,4806.569999999994,1.88179999999755,682666.6666666665,-349513.54666666687,-20360.106666666466,146022.22508333335,394705.65333333274,-300767.0199666664,155045.88288333276,1.2168973337365065
79,1,180,180.0,94.71999999999991,16200.0,11042.249999999982,6007.349999999993,4485.9392,971999.9999999991,987958.5866666656,11687.826666666291,417498.3261333329,534817.586666666,210925.2677333326,179045.46213333347,141636.0536746667
80,1,220,220.0,-91.36000000000001,24200.0,-6885.480000000005,-13213.720000000003,4173.324800000002,1774666.6666666684,-753232.3466666667,-8340.906666666775,209069.00006666695,-1449338.7466666668,210919.45266666645,498143.0032666664,-127091.65124266637
81,1,287,287.0,-4.8799999999999955,41184.5,-8337.939999999997,6937.379999999998,11.907200000007379,3939983.8333333274,-1186529.553333332,-19929.67333333281,251941.0698166667,1005478.8666666668,-463192.9924333332,214669.28901666746,-19.369045333296526
82,1,199,199.0,0.5499999999999545,19800.5,-5623.254999999999,5732.704999999986,0.15124999999579813,1313433.1666666667,-597179.5883333331,75331.431666667,167714.2000666662,532738.4316666655,-338521.1903833333,170837.08906666635,0.02772916718822671
83,1,169,169.0,3.650000000000091,14280.5,4864.645000000005,-4247.7949999999955,6.661250000000928,804468.1666666662,398060.95833333314,26003.088333333333,154367.36631666656,-371940.2216666661,-290978.7783833333,137737.16331666656,8.104520833608944
84,1,258,258.0,-92.12,33282.0,-7150.559999999987,-16616.400000000012,4243.0472000000045,2862251.9999999986,-957522.2533333333,70200.0266666666,215394.77728333222,-2178615.613333336,227920.0326333336,651391.3676833337,-130289.83602133329
85,1,346,346.0,-85.81000000000006,59858.0,-7946.595000000003,-21743.665000000026,3681.67805,6903622.666666676,-1280008.4816666646,-189504.90666666595,257680.26558333292,-3666901.5916666696,166536.78578333295,849643.5539333343,-105308.26449016653
86,1,189,189.0,-56.98000000000002,17860.5,-5556.360000000007,-5212.8600000000015,1623.3601999999973,1125211.4999999993,-501293.37666666665,-47565.2866666666,164938.71908333388,-468832.6266666669,-13276.045366666907,155152.40408333295,-30833.02139866641
87,1,169,169.0,38.48000000000002,14280.5,10422.379999999994,-3919.2599999999907,740.3552000000045,804468.1666666662,917978.6633333326,-74575.10666666654,398003.2571166665,-293889.91666666593,-394953.33183333266,122070.10351666671,9496.289365333447
88,1,364,364.0,-55.64999999999998,66248.0,-10238.235000000011,-10018.364999999985,1548.4612499999914,8038090.666666682,-1759008.4150000056,-208700.7099999997,305251.20798333356,-1718992.0749999962,-40744.63821666647,299133.3252333312,-28723.95618749936
89,1,187,187.0,56.5,17484.5,4486.120000000007,6079.379999999994,1596.125,1089867.1666666658,447839.0666666674,-56773.693333332994,144626.27916666726,596808.8766666662,-35786.77833333324,189635.8741666664,30060.354166666224
90,1,187,187.0,56.129999999999995,17484.5,4657.204999999981,5839.105000000009,1575.288449999999,1089867.1666666658,369364.1949999992,132168.94499999972,145441.9531666668,479871.8450000009,-29474.989683333464,178611.97666666695,29473.646899500036
91,1,244,244.0,-11.360000000000014,29768.0,-9724.330000000002,6952.490000000006,64.52479999999741,2421130.6666666674,-1158421.253333334,-55894.01333333288,300507.8525833331,876150.786666667,-490547.31636666664,205783.51498333275,-244.33390933344344
92,1,187,187.0,6.42999999999995,17484.5,-4718.625000000009,5921.034999999994,20.672450000005483,1089867.1666666658,-479215.6083333334,76048.34166666662,158222.48021666743,515592.60166666645,-346785.71918333304,192428.98711666686,44.30795116632362
93,1,188,188.0,1.3899999999999864,17672.0,-5211.0850000000055,5472.404999999999,0.9660500000036336,1107445.3333333326,-453756.94833333447,-72170.0833333336,142443.47408333357,550491.1116666668,-292130.3563166671,149868.49963333362,0.44760316663450794
94,1,305,305.0,0.5600000000000591,46512.5,-9002.499999999982,9173.300000000003,0.15679999999611027,4728770.83333333,-1418744.8266666634,91727.1533333342,276318.831766664,1353064.6733333338,-557679.0635333331,281408.0557666656,0.029269333310367074
95,1,197,197.0,38.92999999999995,19404.5,12849.82499999999,-5180.615000000001,757.7724499999968,1274228.8333333333,1263498.9383333328,4417.648333333135,507588.2430833322,-512499.40166666656,-514932.7989166665,156625.72848333296,9833.360492833262
96,1,207,207.0,-91.41000000000008,21424.5,-5984.925000000007,-12936.945000000007,4177.894050000006,1478290.5000000007,-591422.1150000012,-56035.24500000039,182971.4213500004,-1310956.1849999996,181139.15155000004,500713.4954500005,-127300.43170349991
97,1,144,144.0,56.76999999999998,10368.0,4021.0250000000033,4153.854999999992,1611.4164499999956,497664.00000000035,288348.14166666666,2331.316666666858,119512.05475000013,297911.90166666615,-10750.52025000026,123282.43429999966,30493.370622166414
98,1,166,166.0,-48.309999999999945,13778.0,-3525.8349999999937,-4493.624999999998,1166.9280499999982,762382.6666666663,-303410.2916666654,21531.973333333328,111546.95668333345,-383736.8616666668,-52760.824516667206,134923.92413333326,-18791.431365166674
99,1,201,201.0,106.29999999999995,20200.5,12791.419999999996,8574.879999999994,5649.844999999995,1353433.5000000002,1271179.8766666665,28715.666666666624,495669.84423333284,847417.6066666661,368388.2575333326,271560.74323333276,200192.8411666661
100,1,211,211.0,-92.46000000000004,22260.5,-5948.52,-13560.54,4274.425800000002,1565655.1666666677,-632871.5900000004,10605.460000000046,186456.86719999986,-1435939.6999999993,177086.42479999893,538360.5518000007,-131737.80315600018
101,1,210,210.0,56.569999999999936,22050.0,5939.094999999992,5940.605,1600.082449999997,1543500.000000001,666184.6683333329,-85159.38666666632,166669.97764999943,666343.2183333329,2634.6488499992056,166712.6879999999,30172.221398833182
102,1,163,163.0,0.3300000000000409,13284.5,-5292.504999999983,5346.295000000001,0.05444999999826905,721791.1666666664,-442381.6449999994,22084.975000000795,167987.46466666594,424680.5549999996,-337721.4559833331,169742.8666666665,0.0059895000522374175
103,1,279,279.0,59.020000000000095,38920.5,8136.440000000017,8330.140000000018,1741.6802000000032,3619606.4999999953,1151082.3566666674,-32097.953333332734,246253.85385000007,1178103.5066666687,-12295.018899998719,251969.94085,34264.655134666624
104,1,227,227.0,-5.57000000000005,25764.5,-6447.634999999994,5183.244999999984,15.512450000003227,1949513.8333333356,-734417.9383333328,5222.731666667181,186752.02406666725,585686.9416666654,-337590.7211833328,154360.02326666695,-28.80144883341211
105,1,302,302.0,-91.09000000000003,45602.0,-9181.205000000009,-18327.975000000002,4148.69405,4590601.333333329,-1294968.4316666685,-182787.04666666646,280781.4152666675,-2676130.701666666,274753.1329166678,697371.0549166653,-125968.18033816686
106,1,271,271.0,-5.050000000000068,36720.5,-7475.805000000007,6107.254999999998,12.751250000006848,3317085.1666666633,-963602.8216666697,-98737.5116666655,231168.38445000062,876901.8083333327,-424583.95364999975,196871.15795000063,-21.46460416683476
107,1,144,144.0,71.60000000000002,10368.0,4253.870000000009,6056.529999999994,2563.2799999999947,497664.00000000035,310537.5533333334,-8517.826666666306,129890.3141166667,440329.0733333328,44796.46376666678,194425.5421166659,61176.94933333363
108,1,155,155.0,55.299999999999955,12012.5,3131.719999999996,5439.779999999999,1529.044999999996,620645.8333333334,243559.71666666627,-1702.833333333048,109191.0380500001,422434.36666666705,-45197.96010000031,173008.89704999988,28185.396166666713
109,1,219,219.0,0.32000000000005,23980.5,-6347.9799999999905,6418.059999999996,0.05119999999348579,1750576.5000000016,-680011.1366666654,-30185.346666666566,199105.16473333267,717870.2433333335,-400241.6830666663,201147.73113333317,0.005461333529563451
110,1,220,220.0,-92.40999999999997,24200.0,-5888.625000000005,-14441.574999999992,4269.804049999995,1774666.6666666684,-570312.4816666674,-154872.53666666694,174839.86318333395,-1511136.9816666653,194488.10988333306,570028.9179333316,-131524.19742016637
111,1,199,199.0,50.22000000000003,19800.5,6223.210000000008,3770.5700000000015,1261.0242000000019,1313433.1666666667,601385.1900000004,35648.41000000028,186423.10165000003,357347.5100000006,-60316.5970999996,124837.31124999988,21109.54510799986
112,1,377,377.0,35.89999999999998,71064.5,24120.509999999984,-10586.21000000003,644.4049999999943,8930438.833333345,4549896.893333334,-6361.516666667975,941835.156116665,-1992319.8266666713,-1017744.0032333354,318849.53211666667,7711.3798333334125
113,1,231,231.0,-57.229999999999905,26680.5,-6982.414999999996,-6237.7149999999865,1637.6364499999977,2054398.5000000026,-788029.498333331,-36878.868333333965,216209.4388999999,-702016.6483333325,-32815.26735000056,194899.8484000001,-31240.644677833217
114,1,202,202.0,1.8400000000000318,20402.0,5158.380000000002,-4786.699999999985,1.6927999999987833,1373734.666666667,454508.8966666669,132974.96666666673,166289.04171666587,-549944.1833333318,-323086.664233333,157139.56811666646,1.03825066684567
115,1,205,205.0,-57.07000000000005,21012.5,-5980.735000000007,-5718.615000000003,1628.4924500000031,1435854.1666666672,-592659.1216666674,-40732.431666666576,180169.60534999962,-565791.821666667,-19018.664249999347,172690.01115000006,-30979.354707166985
116,1,206,206.0,88.77999999999997,21218.0,13316.980000000001,4971.699999999993,3940.9441999999985,1456969.333333334,1399896.6766666668,-56495.47333333343,522559.1642500001,540332.8366666662,137163.1558999998,152112.18505000003,116625.67535866663
117,1,176,176.0,72.38,15488.0,5342.409999999993,7396.470000000003,2619.4321999999966,908629.3333333326,458113.5433333325,24037.073333333166,160725.8775166667,638870.8233333336,65231.88076666664,235062.30891666675,63198.167545333745
118,1,343,343.0,-53.370000000000005,58824.5,-10439.134999999978,-7866.774999999988,1424.1784499999944,6725601.166666675,-1756810.4850000048,-67002.33499999571,321083.1608833303,-1315650.7449999985,-85029.68681666601,252439.73428333184,-25336.134625499566
119,1,173,173.0,-91.70000000000005,14964.5,-4797.179999999989,-11066.920000000004,4204.445,862952.8333333327,-426860.12333333323,23808.106666666943,144798.57844999916,-969192.6333333347,150304.24909999978,432266.15745000023,-128515.86883333363
120,1,128,128.0,-5.430000000000064,8192.0,-4471.905000000008,3776.8649999999975,14.742449999998755,349525.3333333334,-303658.5950000005,34913.34999999989,146653.0880000001,224262.68499999982,-269023.7318499999,124257.67744999976,-26.683834499868624
121,1,209,209.0,107.08999999999992,21840.5,13023.974999999993,9357.834999999994,5734.13404999999,1521554.8333333342,1383772.8383333317,-45534.901666666534,501760.2104333331,1000661.2083333328,391217.06188333215,305456.74413333286,204689.471804833
122,1,184,184.0,94.33999999999992,16928.0,11577.319999999998,5781.239999999995,4450.017799999997,1038250.6666666656,1045247.0933333326,39732.69333333377,458624.8659833322,512007.7333333327,174954.6368333328,185223.77238333356,139938.226417333
123,1,225,225.0,0.82000000000005,25312.5,-6983.689999999989,7168.190000000006,0.336200000001565,1898437.500000002,-784703.0633333317,-1924.123333333532,221348.22809999972,807383.4366666669,-448423.0820000003,227150.49890000006,0.09189466664167309
124,1,266,266.0,-53.559999999999945,35378.0,-7851.490000000002,-6395.469999999986,1434.3367999999962,3136849.3333333307,-1061984.296666668,35472.253333331435,240045.2706833329,-868333.6366666653,-59564.73696666677,201053.05508333293,-25607.693002666052
125,1,167,167.0,-4.1200000000000045,13944.5,-4425.250000000007,3737.2100000000023,8.487200000001621,776243.8333333329,-384245.676666667,29474.603333333023,134102.23553333344,297319.73333333357,-249972.44106666688,117287.56793333338,-11.655754666633584
126,1,198,198.0,13.830000000000041,19602.0,-6262.465000000005,9000.805000000008,95.63445000000002,1293732.0,-659190.6249999993,78413.17999999972,188404.09023333315,851873.1050000002,-463418.07141666673,293949.60228333384,440.8748145000063
127,1,255,255.0,69.48000000000002,32512.5,6948.019999999999,10769.380000000001,2413.7352,2763562.499999999,860828.8300000003,50087.439999999675,207725.0028500001,1348052.2300000025,67298.42390000037,340479.0492499997,55902.10723200021
128,1,302,302.0,69.17999999999995,45602.0,7952.500000000013,12939.859999999991,2392.9361999999965,4590601.333333329,1159590.0499999996,82474.90000000164,241781.31023333277,1912681.4099999974,66591.32953333239,414294.092633332,55181.10877199994
129,1,201,201.0,0.7699999999999818,20200.5,-5282.734999999998,5437.505000000001,0.2964499999961845,1353433.5000000002,-547582.3516666667,33334.968333333134,156823.72966666636,529801.7683333338,-317715.165283333,160951.02206666628,0.07608883347711526
130,1,181,181.0,-68.17000000000007,16380.5,-7397.144999999993,-4941.625000000007,2323.5744500000037,988290.1666666657,-632733.1416666675,-73416.96166666603,224425.68368333232,-410508.5816666676,55412.007283333776,140729.28448333347,-52799.35675216704
131,1,279,279.0,59.940000000000055,38920.5,7683.270000000012,9039.990000000005,1796.401799999999,3619606.4999999953,1113497.0800000022,-83361.83000000015,236896.11559999987,1302759.5200000003,-13257.027399999344,277557.01399999927,35892.107964
132,1,182,182.0,94.85000000000002,16562.0,11564.404999999993,5698.295000000002,4498.26125,1004761.3333333323,1058625.2183333335,-12528.726666666818,451208.7449666662,524809.2083333336,194466.32431666652,173008.47821666673,142220.02652083285
133,1,158,158.0,-5.339999999999918,12482.0,-5645.499999999995,4801.7800000000025,14.257800000001307,657385.3333333333,-424679.29999999946,-42630.40000000021,175626.4860999999,400655.82000000036,-321106.00219999976,147732.2485000003,-25.378884000054924
134,1,246,246.0,-33.39999999999998,30258.0,6914.129999999988,-15130.529999999984,557.7800000000011,2481156.0000000005,845875.2733333316,9125.433333332609,204433.45674999937,-1865617.906666665,-639798.8554999994,572579.2787499998,-6209.950666666744
135,1,293,293.0,-54.02999999999997,42924.5,-7881.805000000018,-7948.984999999981,1459.62045,4192292.8333333265,-1087308.4250000014,-134752.01500000103,239571.7598166687,-1097150.294999997,-53289.59548333397,241386.62751666617,-26287.764304499626
136,1,159,159.0,-4.740000000000009,12640.5,-5082.760000000001,4329.099999999994,11.23379999999716,669946.4999999999,-350305.48999999964,-107547.85999999999,148189.4825333333,397937.37999999966,-272286.6826666665,125883.37433333292,-17.74940400002969
137,1,147,147.0,0.8500000000000227,10804.5,-4502.654999999997,4627.604999999995,0.36124999999671914,529420.5000000003,-325185.5883333329,-11519.108333333676,138067.76500000022,345888.5216666664,-279962.7867499998,141948.1254999997,0.10235416668908215
138,1,199,199.0,-12.069999999999936,19800.5,-8329.685,5927.755000000012,72.84244999999282,1313433.1666666667,-853368.2916666663,49129.26833333355,261285.3073999997,565246.988333335,-422031.31685000024,175241.65699999966,-293.06945716642076
139,1,193,193.0,36.60000000000002,18624.5,12029.639999999998,-4965.839999999989,669.7800000000029,1198176.1666666663,1167181.6700000002,-12642.820000000096,457335.62021666596,-472882.1499999991,-474386.4164333326,146318.3362166666,8171.316000000079
140,1,213,213.0,13.690000000000055,22684.5,-6469.8249999999925,9385.795,93.70805000000132,1610599.5000000012,-710139.1683333316,42205.61166666706,200368.99209999968,978484.3616666665,-489309.88844999875,308900.7110000002,427.62106816676896
141,1,162,162.0,36.39999999999998,13122.0,9791.070000000003,-3894.2700000000077,662.4800000000012,708587.9999999998,800310.2166666668,-14467.09333333339,373791.62918333407,-308202.3233333337,-391188.31036666717,124718.44118333358,8038.090666666512
142,1,207,207.0,-56.539999999999964,21424.5,-5788.910000000004,-5914.870000000001,1598.3858,1478290.5000000007,-597843.1533333325,-2618.063333333985,169292.88206666685,-610880.0133333332,-11280.792733333894,172853.7712666668,-30124.244377333507
143,1,165,165.0,39.139999999999986,13612.5,10947.439999999988,-4489.339999999995,765.9697999999989,748687.4999999997,903522.1333333325,-716.666666666925,432583.3780166659,-370012.21666666644,-436683.9544333328,130485.59341666654,9993.352657333264
144,1,223,223.0,-92.07000000000005,24864.5,-6405.735000000005,-14125.874999999996,4238.44245,1848261.1666666686,-713778.3350000009,-922.2349999999584,198552.5850833333,-1574573.9450000005,192670.85128333408,553949.229983333,-130077.79879050028
145,1,250,250.0,1.1000000000000227,31250.0,-7222.489999999995,7497.489999999992,0.6049999999938791,2604166.6666666665,-889576.1766666666,-26470.146666666493,222398.70803333243,950421.323333332,-452742.15506666637,230494.6970333325,0.22183333323482657
146,1,262,262.0,69.87,34322.0,6804.7249999999985,11501.215000000017,2440.9084500000026,2997454.6666666646,945890.815,-108943.67999999975,205278.16459999987,1561131.0050000008,64889.80655000003,369350.04275000055,56848.75780049991
147,1,206,206.0,1.1099999999999,21218.0,-8743.52500000002,8972.18499999999,0.6160499999959939,1456969.333333334,-938628.5250000013,76090.89999999957,277319.82830000046,886089.6049999989,-564344.9693499999,287152.0473499996,0.22793849999288796
148,1,278,278.0,-54.289999999999964,38642.0,-8335.995,-6756.625000000002,1473.7020499999974,3580825.333333329,-1276608.6983333298,235810.78666666502,260830.44721666706,-1057076.2683333333,-69099.72588333391,217958.4485666668,-26669.09476483321
149,1,288,288.0,0.8099999999999454,41472.0,-7847.445000000002,8080.724999999992,0.3280499999969919,3981311.999999994,-1102106.775000001,-55850.609999999564,240957.90468333216,1191549.7049999998,-488272.23981666623,247408.81353333223,0.08857349980603146
150,0,195,195,0.22,19012.5,-7923.67,7966.57,0.0242,1235812.5,-764405.1033,-16305.44333,248014.0738,784893.2967,-497771.3549,249762.0002,0.001774666
151,0,140,140,-92.25,9800,-4536.225,-8378.775,4255.03125,457333.3333,-301142.855,-32785.79,145774.7628,-570121.355,126917.2308,323012.3815,-130842.2109
152,0,12,12,71.04,72,493.65,358.83,2523.3408,288,2678.8,566.2,14421.93698,1869.88,6225.022033,9633.130583,59752.71014
153,0,27,27,-0.15,364.5,1554.675,-1558.725,0.01125,3280.5,21788.345,-1600.465,61767.26258,-20242.555,-123767.7264,62000.76758,-0.0005625
154,0,57,57,-48.44,1624.5,-1483.95,-1277.13,1173.2168,30865.5,-44742.00333,4898.856667,45604.24445,-38847.63333,-19325.9509,40595.06405,-18943.5406
155,0,71,71,-37.95,2520.5,2234.985,-4929.435,720.10125,59651.83333,69177.585,20328.765,67147.16972,-185159.325,-219112.0202,203092.0392,-9109.280812
156,0,74,74,-37.19,2738,2091.725,-4843.785,691.54805,67537.33333,71273.39167,12240.86667,63451.34342,-185340.4783,-204693.9396,192417.1519,-8572.89066
157,0,29,29,5.51,420.5,-419.635,579.425,15.18005,4064.833333,-5816.291667,-536.8316667,14795.56948,8670.078333,-31903.32782,17547.97978,27.88069183
158,0,27,27,-51.17,364.5,-398.995,-982.595,1309.18445,3280.5,-6585.308333,2397.751667,13051.53803,-14463.90833,-5686.501917,27982.94403,-22330.32277
159,0,28,28,-55.2,392,-1083.11,-462.49,1523.52,3658.666667,-16249,2170.92,33787.61882,-7560.32,-7787.565633,16658.50682,-28032.768
160,0,123,123,-55.74,7564.5,-3100.64,-3755.38,1553.4738,310144.5,-173139.68,-35099.36,94171.01242,-213406.19,-15512.35123,112418.6162,-28863.5432
161,0,26,26,-55.14,338,-614.28,-819.36,1520.2098,2929.333333,-7332.01,-1307.26,18366.92075,-9998.05,-2862.4423,24020.97635,-27941.45612
162,0,25,25,51.61,312.5,932.585,357.665,1331.79605,2604.166667,10470.07167,2374.481667,25475.01297,3283.571667,-2819.314083,10639.20237,22911.33138
163,0,143,143,6.81,10224.5,-3162.905,4136.735,23.18805,487367.8333,-211195.785,-29903.845,103325.3291,310728.475,-228190.0411,128180.6033,52.6368735
164,0,21,21,0.56,220.5,-481.72,493.48,0.1568,1543.5,-5284.996667,453.8733333,15078.17632,4954.603333,-30426.11583,15351.23232,0.029269333
165,0,4,4,-67.82,8,-119.56,-151.72,2299.7762,10.66666667,-163.2433333,-151.7533333,2814.642767,-227.5633333,2479.273667,3905.188367,-51990.27396
166,0,15,15,105.62,112.5,973.61,610.69,5577.7922,562.5,8092.893333,-1581.636667,39841.85973,5370.993333,23148.96873,20676.05453,196375.4707
167,0,77,77,0.23,2964.5,-2359.275,2376.985,0.02645,76088.83333,-78082.40167,-25499.37167,77051.75603,104263.6083,-154646.1453,77596.42593,0.002027833
168,0,18,18,-67.79,162,-656.585,-563.635,2297.74205,972,-5423.128333,-972.2733333,18250.47383,-4586.578333,8008.949483,15099.93358,-51921.31119
169,0,9,9,38.06,40.5,599.1,-256.56,724.2818,121.5,2580.833333,230.2333333,23014.0079,-1269.636667,-23226.2698,6730.7981,9188.721769
170,0,17,17,12.85,144.5,-730.515,948.965,82.56125,818.8333333,-6314.948333,211.1416667,23396.81268,7960.631667,-56180.74312,34187.47168,353.6373542
171,0,29,29,55.82,420.5,633.24,985.54,1557.9362,4064.833333,11280.11333,-4196.266667,19683.80747,16388.46333,-4020.158133,29516.50047,28987.99956
172,0,127,127,58.1,8064.5,3284.37,4094.33,1687.805,341397.1667,219329.7333,-21544.47667,98565.86223,270762.1933,-6309.827467,122095.2002,32687.15683
173,0,116,116,87.16,6728,7134.69,2975.87,3798.4328,260149.3333,403075.2967,21473.44667,270860.8117,161863.7367,80137.95703,89619.43608,110357.1343
174,0,7,7,-70.92,24.5,-315,-181.44,2514.8232,57.16666667,-820.3,-564.4,10446.75127,-352.84,1446.297467,5710.713667,-59450.42045
175,0,11,11,2.44,60.5,309.72,-282.88,2.9768,221.8333333,1674.026667,58.86666667,8447.835367,-1585.273333,-16139.95393,7724.863367,2.421130667
176,0,25,25,57.91,312.5,710.785,736.965,1676.78405,2604.166667,7330.361667,3108.901667,21273.46817,7657.611667,-1385.376983,22031.51007,32367.52145
177,0,21,21,-38.58,220.5,511.96,-1322.14,744.2082,1543.5,4512.9,1725.36,12470.28007,-14745.15,-44691.97693,47850.06907,-9570.517452
178,0,8,8,-6.29,32,-131.685,81.365,19.78205,85.33333333,-276.8183333,-499.8433333,3756.781083,575.3816667,-6685.263517,3086.738833,-41.47636483
179,0,155,155,-48.6,12012.5,-3489.33,-4043.67,1180.98,620645.8333,-296433.02,52019.89,113134.0141,-339394.37,-56686.59013,126604.4761,-19131.876
180,0,17,17,-6.22,144.5,-564.05,458.31,19.3442,818.8333333,-4903.996667,219.1433333,14152.76435,3786.063333,-24797.1377,10973.22475,-40.10697467
181,0,21,21,70.53,220.5,383.135,1097.995,2487.24045,1543.5,4634.175,-1222.515,12525.48957,12140.205,1971.532417,37735.02747,58475.02298
182,0,14,14,-57.83,98,-170.735,-638.885,1672.15445,457.3333333,-1075.388333,-239.5133333,4447.863333,-4352.438333,977.8783833,17984.42058,-32233.56395
183,0,18,18,12.75,162,-383.065,612.565,81.28125,972,-3964.345,1033.52,10396.35755,4996.325,-25676.79385,16743.4988,345.4453125
184,0,9,9,12.15,40.5,-311.485,420.835,73.81125,121.5,-1377.765,-47.835,10939.03482,1917.675,-25662.61238,15387.87882,298.9355625
185,0,46,46,-86.92,1058,-1359.28,-2639.04,3777.5432,16222.66667,-30775.18667,-976.5066667,38788.9889,-60209.66667,40570.6398,94407.3585,-109448.0183
186,0,165,165,0.9,13612.5,5081.84,-4933.34,0.405,748687.5,411761.52,14980.56,148369.6727,-414490.83,-292165.6895,143862.8417,0.1215
187,0,83,83,-12.16,3444.5,-3493.54,2484.26,73.9328,95297.83333,-162777.5967,35591.37333,111684.1981,85301.10333,-180886.9498,75339.17412,-299.6742827
188,0,85,85,0.75,3612.5,4963.775,-4900.025,0.28125,102354.1667,212681.865,-3442.855,189598.4483,-206529.635,-375474.0654,185899.5233,0.0703125
189,0,177,177,19.28,15664.5,-4415.66,7828.22,185.8592,924205.5,-395812.0967,10052.37333,137702.74,687771.2833,-360539.4048,255733.7432,1194.455125
190,0,21,21,93.07,220.5,1321.715,632.755,4331.01245,1543.5,12602.69167,2550.631667,53199.11405,5368.611667,16613.78695,21138.36045,134362.4429
191,0,94,94,-92.9,4418,-2448.07,-6284.53,4315.205,138430.6667,-116538.3433,2958.106667,73468.63843,-296851.9633,80488.42613,251672.2054,-133627.5148
192,0,21,21,-0.19,220.5,-875.025,871.035,0.01805,1543.5,-11012.91167,3650.298333,30454.63177,7320.718333,-60743.00878,30288.75607,-0.001143167
193,0,37,37,-0.71,684.5,1985.165,-2011.435,0.25205,8442.166667,36365.26167,720.5816667,73307.55075,-37571.83833,-148024.5687,74726.34375,-0.059651833
194,0,6,6,-105.63,18,-277.185,-356.595,5578.84845,36,-468.295,-726.52,10726.41055,-706.525,7826.23045,14920.4497,-196431.2539
195,0,261,261,0.35,34060.5,6615.665,-6524.315,0.06125,2963263.5,796300.8483,134086.8683,202212.5238,-918466.5417,-402109.5648,199913.0273,0.007145833
196,0,108,108,0.61,5832,-3319.025,3384.905,0.18605,209952,-172446.4283,-13561.84333,94008.32937,189565.7917,-190041.264,96053.02802,0.037830167
197,0,9,9,-35.27,40.5,192.965,-510.395,621.98645,121.5,983.9616667,-231.2383333,6615.563883,-2181.158333,-20037.00332,19019.31748,-7312.487364
198,0,19,19,-0.16,180.5,-701.76,698.72,0.0128,1143.166667,-7938.046667,2542.653333,21044.08352,5366.513333,-41975.88543,20932.04512,-0.000682667
199,0,19,19,-6.23,180.5,-688.115,569.745,19.40645,1143.166667,-7506.038333,1937.891667,20959.72927,4443.631667,-37632.50208,17041.49537,-40.30072783
200,0,11,11,57.8,60.5,346.64,289.16,1670.42,221.8333333,1847.243333,118.5533333,7674.953267,1531.103333,4685.885467,6013.781267,32183.42533
201,0,5,5,-0.54,12.5,144.73,-147.43,0.1458,20.83333333,518.1,-312.55,4859.802483,-212.3,-9797.759167,4938.685683,-0.026244
202,0,16,16,0.32,128,-863.06,868.18,0.0512,682.6666667,-7613.006667,1417.053333,31656.9952,6236.913333,-63590.1696,31933.9936,0.005461333
203,0,23,23,-6.44,264.5,-677.69,529.57,20.7368,2027.833333,-7998.703333,410.5366667,19767.15558,5884.786667,-35169.98757,15879.77838,-44.51499733
204,0,7,7,-2.55,24.5,8.425,-26.275,3.25125,57.16666667,168.155,-277.335,3853.397533,46.705,-7728.278817,3897.640033,-2.7635625
205,0,4,4,86.78,8,264.92,82.2,3765.3842,10.66666667,456.8833333,145.9133333,9896.421433,91.44333333,3196.914733,1968.200633,108920.0136
206,0,25,25,-70.73,312.5,-929.995,-838.255,2501.36645,2604.166667,-11004.81833,-1240.238333,27944.31173,-9858.068333,9889.922883,24699.92663,-58973.883
207,0,140,140,-35.69,9800,3321.675,-8318.275,636.88805,457333.3333,227376.9717,10280.55667,105497.1639,-587419.5283,-329544.9086,313212.0717,-7576.844835
208,0,165,165,0.57,13612.5,-5273.835,5367.885,0.16245,748687.5,-464271.115,58359.455,160815.5122,413670.785,-324637.1104,163848.4024,0.0308655
209,0,23,23,12.41,264.5,-564.505,849.935,77.00405,2027.833333,-5250.901667,-2481.811667,16796.5816,11015.15833,-40598.67025,25573.1818,318.5400868
210,0,181,181,0.57,16380.5,-5898.285,6001.455,0.16245,988290.1667,-538596.365,9603.145,184749.8705,538330.105,-372861.7634,188141.2964,0.0308655
211,0,29,29,0.17,420.5,1866.645,-1861.715,0.01445,4064.833333,23902.91833,6326.868333,73901.05238,-30158.30167,-147484.7751,73584.14178,0.000818833
212,0,27,27,-51.61,364.5,-617.195,-776.275,1331.79605,3280.5,-8543.191667,422.1183333,19205.0584,-10690.77167,-6556.68285,23310.1178,-22911.33138
213,0,22,22,0.2,242,-406.81,411.21,0.02,1774.666667,-3331.326667,-2287.166667,10377.37815,5666.893333,-20836.1183,10459.18015,0.001333333
214,0,74,74,-49.39,2738,-2244.785,-1410.075,1219.68605,67537.33333,-70902.17167,-24309.74667,65209.53702,-40017.90167,-19549.14288,44596.37357,-20080.098
215,0,70,70,0.37,2450,-1999.385,2025.285,0.06845,57166.66667,-68041.83833,-3873.273333,63656.63842,72821.61167,-128053.0493,64401.20237,0.008442167
216,0,12,12,-86.85,72,-285.115,-757.085,3771.46125,288,-1928.625,435.87,9979.865433,-4760.445,4802.506883,30475.16268,-109183.8032
217,0,48,48,-34.59,1152,976.525,-2636.845,598.23405,18432,26387.595,-5901.99,33900.73318,-60333.285,-101579.4661,96393.96733,-6897.638596
218,0,7,7,2.61,24.5,106.055,-87.785,3.40605,57.16666667,260.885,220.615,2254.681367,-417.555,-4232.559183,2001.720167,2.9632635
219,0,160,160,38.22,12800,9997.53,-3882.33,730.3842,682666.6667,815827.78,-32050.76,382506.817,-294561.02,-382908.0373,117262.6924,9305.094708
220,0,7,7,50.4,24.5,188.01,164.79,1270.08,57.16666667,472.57,370.93,4543.060683,391.3,389.5826333,3957.916683,21337.344
221,0,54,54,12.78,1458,-1822.44,2512.56,81.6642,26244,-45163,-8085.76,58156.99598,71882,-139604.7752,85857.64598,347.889492
222,0,179,179,51.74,16020.5,4597.93,4663.53,1338.5138,955889.8333,420718.1133,-18406.75667,140225.7776,426589.3133,-42554.6569,141922.8495,23084.90134
223,0,6,6,70.09,18,171.135,249.405,2456.30405,36,418.5416667,189.7266667,4583.6437,653.3516667,2827.56475,7326.61585,57387.45029
224,0,5,5,-51.11,12.5,-103.645,-151.905,1306.11605,20.83333333,-237.2383333,-43.74833333,2806.26385,-357.8883333,-315.23175,4039.54815,-22251.86377
225,0,165,165,4.11,13612.5,5511.715,-4833.565,8.44605,748687.5,459915.675,-10398.375,164037.9701,-393569.925,-305422.7916,142778.4197,11.5710885
226,0,29,29,51.17,420.5,928.475,555.455,1309.18445,4064.833333,16815.18833,-6704.601667,28110.72267,11406.39833,-8711.379583,18567.00597,22330.32277
227,0,23,23,0.15,264.5,-519.995,523.445,0.01125,2027.833333,-6223.355,486.825,14780.63522,5776.205,-29639.26968,14858.89322,0.0005625
228,0,43,43,-57.73,924.5,-1418.955,-1063.435,1666.37645,13251.16667,-29485.20167,-2044.661667,43272.06802,-21841.52167,-4627.863883,33009.98322,-32066.63749
229,0,15,15,-68.75,112.5,-872.955,-158.295,2363.28125,562.5,-6202.168333,-689.9883333,34772.05452,-842.2183333,-9528.452783,10205.61702,-54158.52865
230,0,124,124,-70.28,7688,-5103.88,-3610.84,2469.6392,317770.6667,-324014.2533,15147.38667,153075.1941,-231445.7733,52550.29817,100609.7685,-57855.41433
231,0,35,35,-70.85,612.5,-1911.135,-568.615,2509.86125,7145.833333,-32554.32833,-1781.068333,70433.5954,-9060.228333,-5463.27605,22874.8244,-59274.55652
232,0,26,26,0.01,338,-1082.695,1082.955,5.00E-05,2929.333333,-14726.01833,1301.966667,36124.7272,13427.43167,-72260.28135,36135.55545,1.67E-07
233,0,7,7,-3.07,24.5,93.225,-114.715,4.71245,57.16666667,652.7183333,-652.8616667,4563.8624,-75.07166667,-9413.92555,4883.0503,-4.822407167
234,0,26,26,-6.51,338,-925.715,756.455,21.19005,2929.333333,-13352.175,2635.76,25816.38672,8516.035,-45606.36878,20340.92337,-45.9824085
235,0,12,12,19.84,72,-13.24,251.32,196.8128,288,-70.47333333,-17.93333333,3683.646017,1516.886667,-7629.973633,6308.081217,1301.588651
236,0,273,273,-105.12,37264.5,-12268.35,-16429.41,5525.1072,3391069.5,-1578125.03,-193009.49,408012.8303,-2146109.72,473623.2913,626718.144,-193599.7563
237,0,27,27,54.43,364.5,901.305,568.305,1481.31245,3280.5,10991.11167,2353.011667,23365.70477,6495.611667,2326.621617,14303.10977,26875.94555
238,0,93,93,-37.72,4324.5,2660.8,-6168.76,711.3992,134059.5,134282.0933,-21109.78667,78783.11712,-276292.4467,-257931.6102,245308.6187,-8944.659275
239,0,11,11,-51.29,60.5,-153.875,-410.315,1315.33205,221.8333333,-675.9983333,-340.6283333,5178.40445,-2086.418333,-2464.56015,11754.80825,-22487.79361
240,0,49,49,12.9,1200.5,-1260.4,1892.5,83.205,19608.16667,-40210.17,18660.74,39425.92965,37035.88,-95111.0193,59762.13465,357.7815
241,0,8,8,-69.44,32,-254.89,-300.63,2410.9568,85.33333333,-500.3833333,-1038.353333,8511.081233,-683.3433333,677.3991333,10099.17403,-55805.6134
242,0,193,193,0.73,18624.5,-4269.405,4410.295,0.26645,1198176.167,-364924.5983,-94145.96833,131036.0886,472666.4517,-265188.8429,134204.1791,0.064836167
243,0,4,4,38.1,8,94.95,57.45,725.805,10.66666667,195.82,-11.84,1442.918017,120.82,731.7589667,728.5430167,9217.7235
244,0,6,6,-106.01,18,-252.965,-383.095,5619.06005,36,-739.6183333,-38.55333333,7869.551833,-1130.008333,11077.71598,14767.09248,-198558.852
245,0,35,35,92.71,612.5,2174.905,1069.945,4297.57205,7145.833333,37337.69167,1446.291667,85652.13167,18000.89167,30331.17922,34431.71087,132809.3016
246,0,9,9,-92.95,40.5,-246.735,-589.815,4319.85125,121.5,-965.0716667,-290.4716667,7149.629883,-2508.931667,8634.758483,23094.27288,-133843.3912
247,0,13,13,-86.77,84.5,-373.155,-754.855,3764.51645,366.1666667,-2477.051667,103.0883333,12921.53675,-4958.101667,6535.58585,29481.59125,-108882.3641
248,0,161,161,-35.24,12960.5,4824.52,-10498.16,620.9288,695546.8333,345748.3867,85250.94667,144910.6038,-887727.3533,-459837.2924,414896.2254,-7293.843637
249,0,6,6,68.47,18,244.555,166.265,2344.07045,36,827.8316667,-188.3333333,7428.72605,592.9616667,1887.22875,4748.4679,53499.50124
250,0,29,29,-6.09,420.5,-586.845,410.235,18.54405,4064.833333,-10679.775,4341.045,16402.06157,3777.885,-29230.23708,13365.95297,-37.6444215
251,0,9,9,6.07,40.5,-135.185,189.815,18.42245,121.5,-769.8383333,323.0116667,3821.49535,692.6616667,-8463.56365,4807.87035,37.27475717
252,0,34,34,93.23,578,2181.985,987.835,4345.91645,6550.666667,33240.58833,7706.313333,87132.11342,12940.03833,29162.23472,31466.81117,135056.5969
253,0,16,16,6.07,128,-329.795,426.915,18.42245,682.6666667,-1677.928333,-1920.863333,9311.045017,4375.751667,-20623.94568,11607.65987,37.27475717
254,0,130,130,-5.04,8450,-4319.26,3664.06,12.7008,366166.6667,-260107.15,-41289.5,132770.9382,258808.65,-243772.806,112652.9718,-21.337344
255,0,29,29,0.4,420.5,-1027.19,1038.79,0.08,4064.833333,-15075.45333,362.3966667,33586.58978,14881.25667,-67584.05557,33999.78578,0.010666667
256,0,58,58,48.68,1682,1569.46,1253.98,1184.8712,32518.66667,45345.96333,336.7533333,47382.79502,36197.04333,-18364.27723,39704.01182,19226.51001
257,0,39,39,0.05,760.5,826.995,-825.045,0.00125,9886.5,16009.22833,234.3483333,26840.61277,-16205.55167,-53639.87578,26799.31177,2.08E-05
258,0,19,19,0.07,180.5,1110.525,-1109.195,0.00245,1143.166667,11347.67167,-1595.368333,45619.528,-9739.668333,-91161.31925,45541.8378,5.72E-05
259,0,122,122,12.65,7442,-3640.665,5183.965,80.01125,302641.3333,-224882.5417,5603.953333,117069.6343,313419.8883,-280193.6808,172885.419,337.3807708